TimeSeries ID,node/active_peers.blockchainnodeengine.googleapis.com/BlockchainNode.ALIGN_MEAN.REDUCE_MEAN.metric.type="blockchainnodeengine.googleapis.com/node/active_peers" resource.type="blockchainnodeengine.googleapis.com/BlockchainNode" resource.label."resource_container"="gtm-kqqwvx2-zgi2z" resource.label."location"="us-central1" resource.label."blockchain_node_id"="2024dimvyempire".60s.blockchain_node_id:2024dimvyempire.location:us-central1.project_id:gtm-kqqwvx2-zgi2z
location,us-central1
blockchain_node_id,2024dimvyempire
project_id,gtm-kqqwvx2-zgi2z
Sun Mar 10 2024 19:57:00 GMT-0400 (Eastern Daylight Time),16
Sun Mar 10 2024 19:58:00 GMT-0400 (Eastern Daylight Time),16
Sun Mar 10 2024 19:59:00 GMT-0400 (Eastern Daylight Time),16
Sun Mar 10 2024 20:00:00 GMT-0400 (Eastern Daylight Time),16
Sun Mar 10 2024 20:01:00 GMT-0400 (Eastern Daylight Time),16
Sun Mar 10 2024 20:02:00 GMT-0400 (Eastern Daylight Time),16
Sun Mar 10 2024 20:03:00 GMT-0400 (Eastern Daylight Time),16
Sun Mar 10 2024 20:04:00 GMT-0400 (Eastern Daylight Time),16
Sun Mar 10 2024 20:05:00 GMT-0400 (Eastern Daylight Time),16
Sun Mar 10 2024 20:06:00 GMT-0400 (Eastern Daylight Time),16
Sun Mar 10 2024 20:07:00 GMT-0400 (Eastern Daylight Time),16
Sun Mar 10 2024 20:08:00 GMT-0400 (Eastern Daylight Time),16
Sun Mar 10 2024 20:09:00 GMT-0400 (Eastern Daylight Time),16
Sun Mar 10 2024 20:10:00 GMT-0400 (Eastern Daylight Time),16
Sun Mar 10 2024 20:11:00 GMT-0400 (Eastern Daylight Time),16
Sun Mar 10 2024 20:12:00 GMT-0400 (Eastern Daylight Time),16
Sun Mar 10 2024 20:13:00 GMT-0400 (Eastern Daylight Time),16
Sun Mar 10 2024 20:14:00 GMT-0400 (Eastern Daylight Time),16
Sun Mar 10 2024 20:15:00 GMT-0400 (Eastern Daylight Time),16
Sun Mar 10 2024 20:16:00 GMT-0400 (Eastern Daylight Time),16
Sun Mar 10 2024 20:17:00 GMT-0400 (Eastern Daylight Time),16
Sun Mar 10 2024 20:18:00 GMT-0400 (Eastern Daylight Time),16
Sun Mar 10 2024 20:19:00 GMT-0400 (Eastern Daylight Time),16
Sun Mar 10 2024 20:20:00 GMT-0400 (Eastern Daylight Time),16
Sun Mar 10 2024 20:21:00 GMT-0400 (Eastern Daylight Time),16
Sun Mar 10 2024 20:22:00 GMT-0400 (Eastern Daylight Time),16
Sun Mar 10 2024 20:23:00 GMT-0400 (Eastern Daylight Time),16
Sun Mar 10 2024 20:24:00 GMT-0400 (Eastern Daylight Time),16
Sun Mar 10 2024 20:25:00 GMT-0400 (Eastern Daylight Time),16
Sun Mar 10 2024 20:26:00 GMT-0400 (Eastern Daylight Time),16
Sun Mar 10 2024 20:27:00 GMT-0400 (Eastern Daylight Time),16
Sun Mar 10 2024 20:28:00 GMT-0400 (Eastern Daylight Time),16
Sun Mar 10 2024 20:29:00 GMT-0400 (Eastern Daylight Time),16
Sun Mar 10 2024 20:30:00 GMT-0400 (Eastern Daylight Time),16
Sun Mar 10 2024 20:31:00 GMT-0400 (Eastern Daylight Time),16
Sun Mar 10 2024 20:32:00 GMT-0400 (Eastern Daylight Time),16
Sun Mar 10 2024 20:33:00 GMT-0400 (Eastern Daylight Time),16
Sun Mar 10 2024 20:34:00 GMT-0400 (Eastern Daylight Time),16
Sun Mar 10 2024 20:35:00 GMT-0400 (Eastern Daylight Time),16
Sun Mar 10 2024 20:36:00 GMT-0400 (Eastern Daylight Time),16
Sun Mar 10 2024 20:37:00 GMT-0400 (Eastern Daylight Time),16
Sun Mar 10 2024 20:38:00 GMT-0400 (Eastern Daylight Time),16
Sun Mar 10 2024 20:39:00 GMT-0400 (Eastern Daylight Time),16
Sun Mar 10 2024 20:40:00 GMT-0400 (Eastern Daylight Time),16
Sun Mar 10 2024 20:41:00 GMT-0400 (Eastern Daylight Time),16
Sun Mar 10 2024 20:42:00 GMT-0400 (Eastern Daylight Time),15
Sun Mar 10 2024 20:43:00 GMT-0400 (Eastern Daylight Time),15
Sun Mar 10 2024 20:44:00 GMT-0400 (Eastern Daylight Time),15
Sun Mar 10 2024 20:45:00 GMT-0400 (Eastern Daylight Time),16
Sun Mar 10 2024 20:46:00 GMT-0400 (Eastern Daylight Time),15
Sun Mar 10 2024 20:47:00 GMT-0400 (Eastern Daylight Time),15
Sun Mar 10 2024 20:48:00 GMT-0400 (Eastern Daylight Time),15
Sun Mar 10 2024 20:49:00 GMT-0400 (Eastern Daylight Time),15
Sun Mar 10 2024 20:50:00 GMT-0400 (Eastern Daylight Time),15
Sun Mar 10 2024 20:51:00 GMT-0400 (Eastern Daylight Time),15
Sun Mar 10 2024 20:52:00 GMT-0400 (Eastern Daylight Time),15
Sun Mar 10 2024 20:53:00 GMT-0400 (Eastern Daylight Time),15
Sun Mar 10 2024 20:54:00 GMT-0400 (Eastern Daylight Time),15
Sun Mar 10 2024 20:55:00 GMT-0400 (Eastern Daylight Time),15
Sun Mar 10 2024 20:56:00 GMT-0400 (Eastern Daylight Time),15
Sun Mar 10 2024 20:57:00 GMT-0400 (Eastern Daylight Time),15
Sun Mar 10 2024 20:58:00 GMT-0400 (Eastern Daylight Time),15